<?xml version="1.0" encoding="UTF-8" ?>
<!DOCTYPE mapper PUBLIC "-//mybatis.org//DTD Mapper 3.0//EN" "http://mybatis.org/dtd/mybatis-3-mapper.dtd" >
<mapper namespace="com.quizproject.user.UserMapper" >
    <!--로그인-->
    <select id="selectUser" resultType="userVO">
        SELECT *
        FROM USER
        WHERE ID = #{id}
        AND PW = #{pw}
    </select>

    <insert id="insertUser" parameterType="userVO">
        <selectKey keyProperty="uId" resultType="int" order="BEFORE">
            SELECT IFNULL(MAX(uId), 0) + 1 FROM USER
        </selectKey>

        INSERT INTO USER VALUES(
            #{uId},
            #{id},
            #{pw},
            #{name},
            #{email},
            'USER',
            DATE_FORMAT(NOW(), '%Y%m%d%H%I%S'),
            DATE_FORMAT(NOW(), '%Y%m%d%H%I%S')
        )
    </insert>

    <select id="selectUserByUId" resultType="userVO">
        SELECT *
        FROM USER
        WHERE uId = #{uId}
    </select>

    <select id="selectMyGame" parameterType="int" resultType="gameVO">
        SELECT * FROM GAME
        WHERE uId = #{uId}
    </select>
</mapper>